visited_numb,person_id,time,gender,age
1,1030_24,10:30:24.400881,male,35.58
2,1034_06,10:34:06.364790,male,35.17
3,1054_56,10:54:56.248382,female,35.72
