visited_numb,person_id,time,gender,age
5,1316_54,13:16:54.796185,male,35.17
6,1319_46,13:19:46.710928,female,28.33
